DEPRESSED MOOD,FEELINGS OF GUILT,SUICIDE,INSOMNIA: EARLY IN THE NIGHT,INSOMNIA: MIDDLE OF THE NIGHT,INSOMNIA: EARLY HOURS OF THE MORNING,WORK AND ACTIVITIES,"RETARDATION (slowness of thought and speech, impaired ability to concentrate,decreased motor activity)",AGITATION,ANXIETY PSYCHIC,ANXIETY SOMATIC,SOMATIC SYMPTOMS GASTRO-INTESTINAL,GENERAL SOMATIC SYMPTOMS,GENITAL SYMPTOMS,HYPOCHONDRIASIS,LOSS OF WIGHT ACCORDING TO PATIENT,INSIGHT,Output Score
1,1,2,1,0,1,4,0,0,1,0,0,0,2,3,0,2,18
2,1,3,2,0,0,3,2,4,4,1,2,2,1,2,0,1,30
3,1,0,0,1,1,3,2,1,0,2,2,2,1,1,0,0,20
0,0,4,0,2,0,0,4,3,1,2,1,1,1,3,3,0,25
2,3,2,0,1,0,4,4,1,0,1,0,0,2,1,3,2,26
0,4,0,1,2,1,4,0,3,3,0,1,1,1,4,0,0,25
1,2,4,2,0,1,2,4,4,4,2,1,1,0,4,3,1,36
4,0,3,0,0,1,1,1,2,4,1,2,2,0,1,0,1,23
3,4,2,0,2,0,1,2,3,2,0,2,2,0,2,0,1,26
3,3,0,2,2,2,0,0,4,1,2,1,1,0,2,0,0,23
